matern32_cell,matern32_cell_var,matern32_cell_x,matern32_cell_x_var,matern32_flucs,matern32_flucs_var,matern32_flucs_x,matern32_flucs_x_var,time,position,linear
-0.00795757387334372,0.00010983666303581189,-0.15007997178788676,-0.01031908878097082,-0.057062405133035045,0.00011040252313480165,0.002649268872478147,1.577239578615397e-5,0.0,1.0,0.06515745047876642
-0.012432180699251144,0.00010973604080345223,-0.11816926644312123,-0.010428668063946222,-0.056140031862053325,0.00010994904306576236,0.0034823816959002416,8.688303023413215e-6,0.3,1.0,0.08598877220721293
-0.015826863738659238,0.00010964889529979779,-0.0854763303226319,-0.010473950332278555,-0.054969489101533764,0.00010988124301250556,0.003929842831200348,7.266524921961463e-6,0.6,1.0,0.10682009393565944
-0.018134209201498937,0.0001094970475503383,-0.0531040660535573,-0.010487018616320478,-0.05398059391900831,0.00010976870558697936,0.0023669959842971323,7.089712369756113e-6,0.9,1.0,0.12765141566410595
-0.01938171850265685,0.00010930248041935786,-0.022039694135547332,-0.010488449827713485,-0.05367107016967702,0.00010961319030626548,-0.00019228202474200077,6.990223047139548e-6,1.2,1.0,0.14848273739255247
-0.01962754784544621,0.00010911187096024951,0.006867333376949047,-0.010488698512083675,-0.05381478692088721,0.0001094416865698505,-0.00029024729865950125,6.968345403733188e-6,1.5,1.0,0.16931405912099898
-0.01895571614236542,0.00010895914013552346,0.03291557740370882,-0.010491098294626598,-0.05385170419882002,0.00010928180363703856,0.00016438212179015942,6.958520735413838e-6,1.8,1.0,0.1901453808494455
-0.01747112664838683,0.00010885561464652783,0.05555313930603755,-0.01049517140244223,-0.05364527345500046,0.00010915290083529194,0.001033703641644253,6.935576982033414e-6,2.1,1.0,0.210976702577892
-0.015294631251481122,0.00010879525374567645,0.07437420731389092,-0.010499279419868585,-0.05337502674228687,0.00010906169627936178,0.0005786231470489936,6.90303702463993e-6,2.4,1.0,0.2318080243063385
-0.0125582422313902,0.00010876444285130545,0.08911420832076651,-0.010502179463567664,-0.05340470699837699,0.00010900437540221452,-0.0007910330326881235,6.866765045338351e-6,2.7,1.0,0.252639346034785
-0.009400489134825298,0.00010874996483658649,0.09964630413257147,-0.010503539942113244,-0.053840387839400254,0.0001089708004700931,-0.0020572021762005886,6.840646021105672e-6,3.0,1.0,0.27347066776323153
-0.005961848723245557,0.00010874287709477072,0.1059806094148396,-0.01050376437230826,-0.05437019736421599,0.00010895242624731072,-0.0011054355674919975,6.820944082434447e-6,3.3,1.0,0.2943019894916781
-0.0023801565350384897,0.00010873885631099232,0.10826590427293036,-0.010503534025555473,-0.05429904921220042,0.00010894248097937233,0.0020262755520598632,6.8127784630983606e-6,3.6,1.0,0.31513331122012456
0.0012140576462388007,0.00010873678339915534,0.10679208186340376,-0.01050337745537086,-0.053213756272136425,0.0001089372673855791,0.004352145034995286,6.811098839065804e-6,3.9,1.0,0.33596463294857104
0.004702288747494678,0.00010873729095191385,0.10199041277929888,-0.010503419660663468,-0.05213084676811491,0.00010893422612606079,0.0025050050125722282,6.810697908207975e-6,4.2,1.0,0.3567959546770176
0.007982699774828217,0.00010874229600263581,0.09442816049437407,-0.01050334660580288,-0.051797406095634574,0.00010893196222761816,-0.0001399710296734122,6.81107010134211e-6,4.5,1.0,0.3776272764054641
0.010974445171110918,0.00010875567313496778,0.08479427665057034,-0.010502569327157325,-0.05184081299856469,0.00010893144151475406,0.00031493794564292946,6.807302305311207e-6,4.8,1.0,0.3984585981339106
0.013621334369675187,0.00010878441448588377,0.07387384195313319,-0.01050055123793973,-0.05137830147486102,0.00010893408496890408,0.0030587338628234252,6.804038255931312e-6,5.1,1.0,0.4192899198623571
0.015894442339883904,0.00010883897718249854,0.06251046682985081,-0.01049721545530143,-0.04993584308006571,0.00010894197914805711,0.006509009891388702,6.801172528534663e-6,5.4,1.0,0.4401212415908036
0.0177932790781693,0.00010893123634514229,0.051557784263128625,-0.010493248571016172,-0.04763261715359726,0.00010895758936978889,0.008623511215297088,6.809322027586219e-6,5.7,1.0,0.46095256331925016
0.019345200983404844,0.00010906894406001021,0.04182314323791101,-0.010489998118247947,-0.044948757309725265,0.00010898824140342456,0.008892595250279826,6.824785939975062e-6,6.0,1.0,0.48178388504769665
0.020602880252206635,0.00010924729225128766,0.03400831422984616,-0.010488612509642167,-0.042450202919180856,0.00010904138608560298,0.007612500135993413,6.853309904857734e-6,6.3,1.0,0.5026152067761431
0.02163982965344085,0.00010944122319950147,0.028653153307331803,-0.01048819121962687,-0.04055675170226735,0.00010912372313957234,0.004779866662959232,6.886260475773195e-6,6.6,1.0,0.5234465285045897
0.022544186564933844,0.00010960595710266842,0.02608852841799344,-0.01048303965366881,-0.03956812685995076,0.00010923998965493777,0.00218859676551743,6.917865974680949e-6,6.9,1.0,0.5442778502330362
0.02341116415409044,0.00010969640586065048,0.02640429856649968,-0.01045959481284731,-0.03896920414664539,0.00010938893917056009,0.002268189237797409,6.93223766554994e-6,7.2,1.0,0.5651091719614827
0.0243347503789325,0.0001097167714040558,0.029436795157481672,-0.010394038852942333,-0.038038696923563486,0.00010955637411118367,0.00397938363918399,6.935863137713579e-6,7.5,1.0,0.5859404936899292
0.025399351922384895,0.00010980792113631952,0.03477825184875568,-0.010251833265045172,-0.03672355181952512,0.00010971582641799375,0.004518535158279674,6.950828500807449e-6,7.8,1.0,0.6067718154183757
0.02667212240787084,0.00011037140935218947,0.041808230647385716,-0.009990212801497297,-0.03534862202858742,0.0001098329784220177,0.004668128738683565,7.06003155733053e-6,8.1,1.0,0.6276031371468223
0.02819667437764961,0.00011221636543042729,0.049744620377628765,-0.009564030454625318,-0.033804713792908406,0.00010988762088111619,0.005869134190499167,7.3476349549015125e-6,8.4,1.0,0.6484344588752687
0.029988755663746987,0.00011670188876680785,0.05770956923446706,-0.008934372218384435,-0.03181110093105429,0.00010990159217830415,0.007145724720132124,8.115028055459864e-6,8.7,1.0,0.6692657806037152
0.03203428651243762,0.00012583733580670683,0.06480404479710555,-0.008078344602219324,-0.029643607115426632,0.00011008893343229125,0.007181492321199466,1.2682926212993615e-5,9.0,1.0,0.6900971023321618
-0.00795757387334372,0.00010983666303581189,-0.15007997178788676,-0.01031908878097082,-0.018645711961706574,0.00014023672489587918,0.001561559552494188,3.978348276352155e-5,9.3,2.0,0.7109284240606083
-0.012432180699251144,0.00010973604080345223,-0.11816926644312123,-0.010428668063946222,-0.01811271747049106,0.00012697786292853452,0.001999469052263838,3.592836738113659e-5,9.6,2.0,0.7317597457890548
-0.015826863738659238,0.00010964889529979779,-0.0854763303226319,-0.010473950332278555,-0.01744118625616635,0.00011789272008207391,0.002485832176996447,3.082896844162149e-5,9.9,2.0,0.7525910675175013
-0.018134209201498937,0.0001094970475503383,-0.0531040660535573,-0.010487018616320478,-0.016615940512016578,0.00011260978266199365,0.0030249835451229023,2.4162156855113733e-5,10.2,2.0,0.7734223892459478
-0.01938171850265685,0.00010930248041935786,-0.022039694135547332,-0.010488449827713485,-0.01562046562531906,0.00011038023170318353,0.003619257676045611,1.5550657793110805e-5,10.5,2.0,0.7942537109743943
-0.01962754784544621,0.00010911187096024951,0.006867333376949047,-0.010488698512083675,-0.014315449158592354,0.00010990553207821914,0.005317544099338677,9.322265006349367e-6,10.8,2.0,0.8150850327028408
-0.01895571614236542,0.00010895914013552346,0.03291557740370882,-0.010491098294626598,-0.012386736053483439,0.0001098028275135529,0.007446600178027617,8.159312426689487e-6,11.1,2.0,0.8359163544312873
-0.01747112664838683,0.00010885561464652783,0.05555313930603755,-0.01049517140244223,-0.010053362231858688,0.00010966718573588385,0.007723996507716048,7.980809983495628e-6,11.4,2.0,0.8567476761597339
-0.015294631251481122,0.00010879525374567645,0.07437420731389092,-0.010499279419868585,-0.007882397623399779,0.00010948557893897563,0.006700858636100239,7.934215220096772e-6,11.7,2.0,0.8775789978881803
-0.0125582422313902,0.00010876444285130545,0.08911420832076651,-0.010502179463567664,-0.006238974200187779,0.00010930028085757645,0.004167101890162214,7.927234780936893e-6,12.0,2.0,0.8984103196166269
-0.009400489134825298,0.00010874996483658649,0.09964630413257147,-0.010503539942113244,-0.005288690905707826,0.00010914946084023924,0.002382867304574785,7.896557778469002e-6,12.3,2.0,0.9192416413450735
-0.005961848723245557,0.00010874287709477072,0.1059806094148396,-0.01050376437230826,-0.004799774871670175,0.00010904626781983902,0.0008915291822320314,7.846493483983548e-6,12.6,2.0,0.9400729630735198
-0.0023801565350384897,0.00010873885631099232,0.10826590427293036,-0.010503534025555473,-0.0048076171028925314,0.00010898574820948311,-0.0008479343034493193,7.795728656011873e-6,12.9,2.0,0.9609042848019664
0.0012140576462388007,0.00010873678339915534,0.10679208186340376,-0.01050337745537086,-0.005170974114955593,0.00010895457490068985,-0.0012936992035326512,7.759205278714889e-6,13.2,2.0,0.9817356065304129
0.004702288747494678,0.00010873729095191385,0.10199041277929888,-0.010503419660663468,-0.0054510758456296155,0.00010893933400051253,-0.000668894560552062,7.741837630037311e-6,13.5,2.0,1.0025669282588594
0.007982699774828217,0.00010874229600263581,0.09442816049437407,-0.01050334660580288,-0.005626482297448512,0.0001089318175671321,-0.0005667774567602637,7.739109236785458e-6,13.8,2.0,1.023398249987306
0.010974445171110918,0.00010875567313496778,0.08479427665057034,-0.010502569327157325,-0.0057284096114048055,0.00010892797505475242,-0.00012322978452491433,7.740153209389007e-6,14.1,2.0,1.0442295717157526
0.013621334369675187,0.00010878441448588377,0.07387384195313319,-0.01050055123793973,-0.005632576327714636,0.00010892545874780423,0.0009170089154102607,7.741663301959493e-6,14.4,2.0,1.065060893444199
0.015894442339883904,0.00010883897718249854,0.06251046682985081,-0.01049721545530143,-0.005335129539707493,0.00010892534415833178,0.0009522308594414688,7.73950387812808e-6,14.7,2.0,1.0858922151726453
0.0177932790781693,0.00010893123634514229,0.051557784263128625,-0.010493248571016172,-0.005167382412479466,0.00010892985687120443,-0.00015144897106981564,7.737722296531638e-6,15.0,2.0,1.106723536901092
0.019345200983404844,0.00010906894406001021,0.04182314323791101,-0.010489998118247947,-0.005401985171404003,0.00010894223763973439,-0.001162507160260819,7.745547971533845e-6,15.3,2.0,1.1275548586295385
0.020602880252206635,0.00010924729225128766,0.03400831422984616,-0.010488612509642167,-0.005719544496758723,0.00010896907834952608,-0.0006657537027117444,7.76664729213197e-6,15.6,2.0,1.148386180357985
0.02163982965344085,0.00010944122319950147,0.028653153307331803,-0.01048819121962687,-0.005744688974097571,0.0001090199111934431,0.00047484154862552407,7.805161526110552e-6,15.9,2.0,1.1692175020864315
0.022544186564933844,0.00010960595710266842,0.02608852841799344,-0.01048303965366881,-0.0055005717421980575,0.00010910636484967769,0.0008244999735689415,7.852674848344082e-6,16.2,2.0,1.190048823814878
0.02341116415409044,0.00010969640586065048,0.02640429856649968,-0.01045959481284731,-0.005384630937678541,0.00010923724242211871,-0.000149260022552397,7.894851191578372e-6,16.5,2.0,1.2108801455433245
0.0243347503789325,0.0001097167714040558,0.029436795157481672,-0.010394038852942333,-0.00558940696194784,0.00010940983090566348,-0.0009724910967981947,7.911986975206518e-6,16.8,2.0,1.231711467271771
0.025399351922384895,0.00010980792113631952,0.03477825184875568,-0.010251833265045172,-0.005831142041110672,0.00010959850395970061,-9.275028844620806e-5,7.920431826755667e-6,17.1,2.0,1.2525427890002176
0.02667212240787084,0.00011037140935218947,0.041808230647385716,-0.009990212801497297,-0.005477137082162239,0.00010975600302591472,0.002200073894925958,7.998803950166517e-6,17.4,2.0,1.273374110728664
0.02819667437764961,0.00011221636543042729,0.049744620377628765,-0.009564030454625318,-0.004671834670986633,0.00010984005031462198,0.0030570518566897416,8.251971491857845e-6,17.7,2.0,1.2942054324571106
0.029988755663746987,0.00011670188876680785,0.05770956923446706,-0.008934372218384435,-0.0037325100998053503,0.0001098788903579897,0.0029665959748033308,9.398525890959829e-6,18.0,2.0,1.3150367541855572
0.03203428651243762,0.00012583733580670683,0.06480404479710555,-0.008078344602219324,-0.0028992506467721765,0.00011028702492296206,0.002761233565373447,1.557844033096643e-5,18.3,2.0,1.3358680759140036
-0.00795757387334372,0.00010983666303581189,-0.15007997178788676,-0.01031908878097082,0.0022114319773689547,0.00013424072994733835,-0.005086502122343138,3.8342325324972094e-5,18.6,3.0,1.3566993976424502
-0.012710771495398912,0.00010973121163334199,-0.11584637792539569,-0.0104335901110671,0.0005863288830004707,0.00012272009042648985,-0.005757734321288266,3.401393436631578e-5,18.9,3.0,1.3775307193708966
-0.016222774762775654,0.00010963129326728004,-0.08080767825068028,-0.010477186156897696,-0.0012495915512952158,0.00011526220406385184,-0.006492808836405114,2.8316966932865954e-5,19.2,3.0,1.3983620410993431
-0.018489207016742212,0.00010945737642118619,-0.04630616927301634,-0.010487811900174296,-0.003316273890657011,0.00011135428929222812,-0.007297072000056836,2.090077931214355e-5,19.5,3.0,1.4191933628277897
-0.019550935671020356,0.00010924572597807627,-0.01352691667950023,-0.010488391631650624,-0.005613398995596191,0.00011005237898533706,-0.00770565646242003,1.2151314463624322e-5,19.8,3.0,1.4400246845562361
-0.01948789919635394,0.00010905191737778678,0.01653028403166007,-0.0104892831951795,-0.0076124820997141044,0.00010984427014364422,-0.005274819063660863,8.721889716037545e-6,20.1,3.0,1.4608560062846827
-0.018412249374431578,0.00010890880813644189,0.043061978224412184,-0.010492730803973623,-0.00860903125264399,0.0001097346443599261,-0.001659141506949768,8.286932525038811e-6,20.4,3.0,1.481687328013129
-0.01646132299813107,0.00010882082378498893,0.06546052850296011,-0.010497318455801513,-0.008939947769754618,0.0001095705878433606,-0.0007961036018923282,8.181119060599895e-6,20.7,3.0,1.5025186497415757
-0.013790748844139509,0.00010877495190192129,0.08330805467784695,-0.01050112682332147,-0.009019050050569355,0.00010937769270928242,-3.2739464672140236e-5,8.165129871254058e-6,21.0,3.0,1.5233499714700223
-0.010567788057414084,0.00010875392980918283,0.0963701878569117,-0.010503216333440559,-0.009220653797419095,0.0001092042113952803,-0.001538579415948123,8.145520593396358e-6,21.3,3.0,1.5441812931984689
-0.0069648456989136335,0.00010874447515541331,0.10459310485871738,-0.010503776729907897,-0.009944581588625505,0.00010907761323899839,-0.003030691506254307,8.09715729424134e-6,21.6,3.0,1.5650126149269152
-0.0031530127708971484,0.0001087395500268787,0.10810469384734406,-0.01050359005950001,-0.01088896392902798,0.0001089998594129987,-0.0029077028680416636,8.039274976075976e-6,21.9,3.0,1.5858439366553616
0.0007044826291008661,0.00010873694959574829,0.10721794681782303,-0.010503385511377143,-0.01183602706743621,0.00010895884972903728,-0.00362055375023263,7.991889071072797e-6,22.2,3.0,1.6066752583838082
0.004458925429924098,0.00010873713675959174,0.10243239866136077,-0.010503414578048861,-0.013018645829596397,0.00010893908822030753,-0.0038263678977678117,7.966999906559276e-6,22.5,3.0,1.6275065801122548
0.007982699774828217,0.00010874229600263581,0.09442816049437407,-0.01050334660580288,-0.01374054305764869,0.00010892967067314616,-0.0006668689980591016,7.95865219873593e-6,22.8,3.0,1.6483379018407014
0.011175448148331869,0.0001087571112070515,0.0840471510632986,-0.010502470826999094,-0.013495865235740624,0.00010892451962142558,0.0018017463591114677,7.960006434887777e-6,23.1,3.0,1.669169223569148
0.013969269403556113,0.00010879034917734513,0.07225757204265443,-0.010500148401569369,-0.01294201760379181,0.0001089216963612227,0.001518350644823697,7.960502210259874e-6,23.4,3.0,1.6900005452975941
0.016332324060489418,0.00010885519616423041,0.06010027777412883,-0.010496379731091444,-0.012454571266889838,0.00010892118820765074,0.0019097622379120878,7.958957758277086e-6,23.7,3.0,1.7108318670260407
0.018270224836442618,0.00010896583960896605,0.048618994202722435,-0.01049218098302088,-0.0119831379300084,0.00010892471473237316,0.0010178724022985558,7.956756503962267e-6,24.0,3.0,1.7316631887544873
0.01982472141577816,0.00010912879244923991,0.03877972973206096,-0.010489267897325474,-0.0118412166393515,0.00010893590903655035,0.00026629896400306947,7.963278690790028e-6,24.3,3.0,1.752494510482934
0.021069432252855378,0.00010933075504054477,0.031387541273326526,-0.010488501493654784,-0.011534118096974856,0.00010896168805697997,0.0021074974000962125,7.98458684615351e-6,24.6,3.0,1.7733258322113805
0.022102701967681822,0.0001095304592097176,0.027010508698683152,-0.010486835700507326,-0.010537884649911552,0.00010901188655554057,0.0044149927767101575,8.025605899999395e-6,24.9,3.0,1.7941571539398267
0.023038022965633117,0.0001096684381268814,0.025920960872659923,-0.01047315773482705,-0.009014977143971132,0.0001090989687966002,0.005211510348306351,8.0767415976135e-6,25.2,3.0,1.8149884756682733
0.023992797964488333,0.00010971285676900045,0.02806257931903529,-0.010424241731790695,-0.007778157216300794,0.00010923264102481083,0.002720628658889818,8.121978609788933e-6,25.5,3.0,1.8358197973967199
0.025076481044507142,0.00010975757833335499,0.033049155278041344,-0.010302671007324415,-0.007368783164381647,0.00010940906740993742,0.00013709467304657085,8.140881940017246e-6,25.8,3.0,1.8566511191251664
0.02637927434984068,0.00011017783337979046,0.040196914217647074,-0.010058619583884328,-0.007640223765872895,0.00010959763926748759,-0.0015541026744814426,8.161406926947683e-6,26.1,3.0,1.877482440853613
0.02796254976279247,0.00011182955143978828,0.048588041338270015,-0.009636591808719997,-0.00791712489884235,0.00010974911066082742,0.00011176792649314916,8.250322912417872e-6,26.4,3.0,1.8983137625820594
0.029852006513121643,0.00011625497930151281,0.057159000224644055,-0.00898670717723133,-0.007715735553844157,0.00010983462471421141,0.0006268165275710191,8.669105521668688e-6,26.7,3.0,1.9191450843105058
0.03203428651243762,0.00012583733580670683,0.06480404479710555,-0.008078344602219324,-0.007687939837834735,0.00011001694790704246,-0.0002511489740649632,1.2343253715981818e-5,27.0,3.0,1.9399764060389524
-0.00795757387334372,0.00010983666303581189,-0.15007997178788676,-0.01031908878097082,-0.0036182236579146744,0.00014325479489748897,-0.0034814972661538785,4.0417275929420835e-5,27.3,4.0,1.960807727767399
-0.012432180699251144,0.00010973604080345223,-0.11816926644312123,-0.010428668063946222,-0.004720802337152942,0.00012917170587556392,-0.003874706879060356,3.677302762290839e-5,27.6,4.0,1.9816390494958456
-0.015826863738659238,0.00010964889529979779,-0.0854763303226319,-0.010473950332278555,-0.005946592678023483,0.00011930151024068113,-0.004303372315020452,3.194034371339254e-5,27.9,4.0,2.002470371224292
-0.018134209201498937,0.0001094970475503383,-0.0531040660535573,-0.010487018616320478,-0.0073066595731863864,0.0001133348745591164,-0.004770383629732167,2.5608517374326164e-5,28.2,4.0,2.0233016929527388
-0.01938171850265685,0.00010930248041935786,-0.022039694135547332,-0.010488449827713485,-0.008812967892365886,0.00011060547827534527,-0.005278853267281055,1.7398236839833097e-5,28.5,4.0,2.0441330146811847
-0.01962754784544621,0.00010911187096024951,0.006867333376949047,-0.010488698512083675,-0.010369874599725392,0.00010994382680922432,-0.004367274166066025,9.710019201834811e-6,28.8,4.0,2.0649643364096315
-0.01895571614236542,0.00010895914013552346,0.03291557740370882,-0.010491098294626598,-0.011169662073914127,0.00010983936025520937,-0.001681975984817876,7.958442430266645e-6,29.1,4.0,2.0857956581380783
-0.01747112664838683,0.00010885561464652783,0.05555313930603755,-0.01049517140244223,-0.011944470989190737,0.0001097217132555459,-0.004037588143533091,7.714433137926209e-6,29.4,4.0,2.1066269798665243
-0.015294631251481122,0.00010879525374567645,0.07437420731389092,-0.010499279419868585,-0.01363543427982931,0.00010955427089223008,-0.006721112132414377,7.636246213701275e-6,29.7,4.0,2.127458301594971
-0.0125582422313902,0.00010876444285130545,0.08911420832076651,-0.010502179463567664,-0.015602820018069796,0.00010936954294769158,-0.006052484022107544,7.625337565719473e-6,30.0,4.0,2.1482896233234174
-0.009400489134825298,0.00010874996483658649,0.09964630413257147,-0.010503539942113244,-0.017158490033514388,0.00010920606139985518,-0.004299013772292938,7.610542938588548e-6,30.3,4.0,2.1691209450518643
-0.005961848723245557,0.00010874287709477072,0.1059806094148396,-0.01050376437230826,-0.018386963793256907,0.00010908558785125235,-0.00441614744511535,7.570762496720993e-6,30.6,4.0,2.1899522667803106
-0.0023801565350384897,0.00010873885631099232,0.10826590427293036,-0.010503534025555473,-0.019851770534590165,0.00010900922317732121,-0.005022706426135633,7.5227833820557715e-6,30.9,4.0,2.210783588508757
0.0012140576462388007,0.00010873678339915534,0.10679208186340376,-0.01050337745537086,-0.021188160848414603,0.000108966507052893,-0.0037236814763911864,7.485638311588333e-6,31.2,4.0,2.2316149102372034
0.004702288747494678,0.00010873729095191385,0.10199041277929888,-0.010503419660663468,-0.022015530566657296,0.00010894512632178923,-0.002290165069594184,7.458341214555446e-6,31.5,4.0,2.25244623196565
0.007982699774828217,0.00010874229600263581,0.09442816049437407,-0.01050334660580288,-0.02292131943946364,0.00010893392166180381,-0.003985233159179148,7.4518907333327145e-6,31.8,4.0,2.2732775536940966
0.010974445171110918,0.00010875567313496778,0.08479427665057034,-0.010502569327157325,-0.024254192496603825,0.00010892813660439002,-0.004510091945395191,7.447883040837302e-6,32.1,4.0,2.2941088754225434
0.013621334369675187,0.00010878441448588377,0.07387384195313319,-0.01050055123793973,-0.025346452216356497,0.0001089244397604655,-0.0022697376839272707,7.449268417509183e-6,32.4,4.0,2.3149401971509898
0.015894442339883904,0.00010883897718249854,0.06251046682985081,-0.01049721545530143,-0.02553242347403103,0.00010892266945848519,0.0006127101455252694,7.449765810139189e-6,32.7,4.0,2.3357715188794366
0.0177932790781693,0.00010893123634514229,0.051557784263128625,-0.010493248571016172,-0.025197277469017454,0.00010892412877024906,0.0018360570243546297,7.448204814255583e-6,33.0,4.0,2.3566028406078825
0.019345200983404844,0.00010906894406001021,0.04182314323791101,-0.010489998118247947,-0.024395608227947056,0.00010893018857872677,0.0033898059039071935,7.448888947542002e-6,33.3,4.0,2.377434162336329
0.020602880252206635,0.00010924729225128766,0.03400831422984616,-0.010488612509642167,-0.02323532373834076,0.00010894403994969929,0.0039268845100665735,7.457994182145679e-6,33.6,4.0,2.3982654840647757
0.02163982965344085,0.00010944122319950147,0.028653153307331803,-0.01048819121962687,-0.022169558939765133,0.00010897272001636851,0.0036717779152879034,7.478332836277038e-6,33.9,4.0,2.419096805793222
0.022544186564933844,0.00010960595710266842,0.02608852841799344,-0.01048303965366881,-0.0207868540879957,0.0001090257098216689,0.005630019565050848,7.5128238577595115e-6,34.2,4.0,2.439928127521669
0.02341116415409044,0.00010969640586065048,0.02640429856649968,-0.01045959481284731,-0.018956045410223686,0.00010911328783519197,0.006206819394079449,7.555365456281697e-6,34.5,4.0,2.4607594492501152
0.0243347503789325,0.0001097167714040558,0.029436795157481672,-0.010394038852942333,-0.017583079150267095,0.00010924256011880665,0.0024002090018507374,7.591714277201136e-6,34.8,4.0,2.4815907709785616
0.025399351922384895,0.00010980792113631952,0.03477825184875568,-0.010251833265045172,-0.017317163828477686,0.00010940882603468084,-0.00024817328713894296,7.609303534079911e-6,35.1,4.0,2.5024220927070084
0.02667212240787084,0.00011037140935218947,0.041808230647385716,-0.009990212801497297,-0.017529557942229074,0.00010958779892097188,-0.0006649444556347749,7.635814147486824e-6,35.4,4.0,2.523253414435455
0.02819667437764961,0.00011221636543042729,0.049744620377628765,-0.009564030454625318,-0.01762204666691613,0.00010974289996106782,-0.00026841336350359176,7.692050696816015e-6,35.7,4.0,2.5440847361639016
0.029988755663746987,0.00011670188876680785,0.05770956923446706,-0.008934372218384435,-0.017844862098178087,0.00010984372199427804,-0.0009598629779382126,8.238521893762342e-6,36.0,4.0,2.564916057892348
0.03203428651243762,0.00012583733580670683,0.06480404479710555,-0.008078344602219324,-0.018066070735070393,0.00011009320821197296,-0.0004964408217199034,1.3159808039958824e-5,36.3,4.0,2.585747379620794
-0.00795757387334372,0.00010983666303581189,-0.15007997178788676,-0.01031908878097082,-0.02374190526478904,0.00015661439001213914,-0.00066605141305576,4.251680188247146e-5,36.6,5.0,2.6065787013492407
-0.012567363317761105,0.00010973371547962898,-0.11704834001901276,-0.010431083776070368,-0.023909111482411368,0.00013933669964519952,-0.0004438473914599756,3.959227067330656e-5,36.9,5.0,2.627410023077687
-0.016020768919695286,0.00010964058272604086,-0.08322146784160837,-0.01047558736974312,-0.024005191072635892,0.0001263238150845949,-0.00019140956012706886,3.5673660536733514e-5,37.2,5.0,2.648241344806134
-0.01831165029000619,0.00010947812045064781,-0.049814203409096924,-0.010487454704322791,-0.024020644417349545,0.00011747244950624058,9.416441519813639e-5,3.049396880325749e-5,37.5,5.0,2.6690726665345803
-0.01947353346533041,0.00010927496414926078,-0.017906863112777893,-0.010488419850108309,-0.023945065038945383,0.00011239233788833299,0.00041602100665038606,2.372633221989429e-5,37.8,5.0,2.6899039882630267
-0.01957449764101001,0.00010908223606362951,0.011579648006867034,-0.010488940789714029,-0.02376711792916018,0.00011030961451229441,0.000772246260247524,1.5022719733029007e-5,38.1,5.0,2.7107353099914735
-0.018711457838275793,0.0001089336883785901,0.037894564970445535,-0.010491854317409108,-0.023568303883426015,0.00010988368130448577,0.00028962664304960583,9.342855959127761e-6,38.4,5.0,2.73156663171992
-0.01700426438119984,0.00010883755451976656,0.06045792706327511,-0.010496220475961094,-0.023478686741755673,0.00010977638067785145,0.0001999892594448282,8.373400571950287e-6,38.7,5.0,2.7523979534483667
-0.014589884753438821,0.00010878441990960254,0.07885592787573191,-0.010500231246191,-0.023754263246720617,0.00010963152454093652,-0.0021304317386821392,8.208811811717974e-6,39.0,5.0,2.773229275176813
-0.011616772965773473,0.00010875871878766961,0.09283533954140374,-0.01050275833557264,-0.024634856017400734,0.00010944293915724477,-0.003550785040515378,8.17339997779255e-6,39.3,5.0,2.794060596905259
-0.008239399848488493,0.00010874699138240396,0.10230013066271068,-0.010503712174616285,-0.02580114203496967,0.00010925772286910895,-0.004012335998314782,8.164047025726282e-6,39.6,5.0,2.814891918633706
-0.0046128414455042736,0.00010874110367622416,0.10731150756167324,-0.010503694980890373,-0.027026758631080342,0.00010911363782084614,-0.004233871471142892,8.124238630689006e-6,39.9,5.0,2.835723240362152
-0.0008873166691609893,0.0001087377548466403,0.10809049835846879,-0.01050344260685827,-0.02834216967451064,0.00010902026676476006,-0.0044291570879558114,8.067737413037712e-6,40.2,5.0,2.856554562090599
0.0027973704453184154,0.00010873661001127447,0.10502031080155728,-0.010503381336139692,-0.02962096311102446,0.00010896881505716746,-0.004081425631011673,8.022633007733435e-6,40.5,5.0,2.8773858838190454
0.006317408959404642,0.00010873896608261683,0.098644428893264,-0.010503431823648102,-0.030745073937475192,0.0001089450804865361,-0.0033272420548031353,7.982131393111614e-6,40.8,5.0,2.8982172055474917
0.00957035661847464,0.00010874781333033946,0.089656055707045,-0.010503072321963021,-0.031467522280515525,0.00010893184841367855,-0.0012719274638333452,7.978648612825142e-6,41.1,5.0,2.9190485272759386
0.01247994678854429,0.00010876903294047792,0.07887517620145203,-0.010501629621170433,-0.03150822196985468,0.00010892502896907427,0.0007826896228306437,7.971209438486718e-6,41.4,5.0,2.939879849004385
0.014999857614325304,0.00010881249098187865,0.06721112733200675,-0.010498730451694093,-0.031159617254943574,0.00010892146493266279,0.0014104765481450228,7.972532261168663e-6,41.7,5.0,2.9607111707328317
0.017115939654285563,0.00010889113186597849,0.05561086570024142,-0.010494750681967247,-0.030628926193872523,0.00010892069696764612,0.002443953251764835,7.986063898003196e-6,42.0,5.0,2.981542492461278
0.018846449416178832,0.00010901625915127897,0.04499572218921062,-0.010490946204331289,-0.02953094664356917,0.00010892634699238976,0.004623911308626018,7.98935681199989e-6,42.3,5.0,3.0023738141897245
0.020239975547335948,0.00010918865520661864,0.03619186949491737,-0.010488830518491702,-0.02807065738815447,0.00010893671218469621,0.004793524732212493,8.007648669008271e-6,42.6,5.0,3.0232051359181713
0.021370958506275656,0.0001093884763329082,0.02986155869821899,-0.010488419069374512,-0.02672410880421485,0.00010895718815568376,0.004373199986538638,8.029312817046979e-6,42.9,5.0,3.0440364576466172
0.022332966051694582,0.00010957161519405253,0.02644305530589109,-0.010485286570844896,-0.02522982269912707,0.00010899800909155077,0.005807962063757731,8.065274410831458e-6,43.2,5.0,3.064867779375064
0.02323015899944372,0.00010968491205607918,0.026106928589431193,-0.010466950909266401,-0.02323781146314056,0.00010907201476648316,0.007391897705318397,8.114666383968321e-6,43.5,5.0,3.0856991011035104
0.02416762405360864,0.0001097146882534203,0.02873491377299351,-0.010409719710460778,-0.02091761073380414,0.0001091909753109519,0.007893515649001539,8.162668643859452e-6,43.8,5.0,3.106530422831957
0.02524142581707308,0.0001097799190917445,0.033925156350126294,-0.010277524773870454,-0.018616427137614612,0.00010935564331694355,0.007164018134069373,8.19012459814364e-6,44.1,5.0,3.1273617445604036
0.026529310129306805,0.00011027149531709756,0.04102459994362843,-0.010024155889481818,-0.016711256651325824,0.00010954379751306506,0.005682318334969674,8.206929120139152e-6,44.4,5.0,3.14819306628885
0.028082961040892043,0.00011202333496406359,0.04918603144661782,-0.009599575841750214,-0.015058905959311584,0.00010971132872974174,0.005739535980843944,8.295322544793325e-6,44.7,5.0,3.169024388017297
0.0299225751727584,0.0001164832662551487,0.057444314691021445,-0.008959782612300165,-0.013172708554548874,0.00010982475971856942,0.006778355823742604,8.562653302106413e-6,45.0,5.0,3.189855709745743
0.03203428651243762,0.00012583733580670683,0.06480404479710555,-0.008078344602219324,-0.011053616503910306,0.00010995869429794038,0.007172440005719083,1.1050948103907806e-5,45.3,5.0,3.2106870314741895
-0.00795757387334372,0.00010983666303581189,-0.15007997178788676,-0.01031908878097082,-0.004100812936361589,0.00015096594003901264,-0.004495015205887063,4.173414456863136e-5,45.6,6.0,3.2315183532026364
-0.012567363317761105,0.00010973371547962898,-0.11704834001901276,-0.010431083776070368,-0.005525452194735131,0.00013496727306503862,-0.005010058879339009,3.8537295141356166e-5,45.9,6.0,3.2523496749310827
-0.016020768919695286,0.00010964058272604086,-0.08322146784160837,-0.01047558736974312,-0.0071115167653661784,0.0001232290750093415,-0.0055717966901290125,3.427212850185758e-5,46.2,6.0,3.2731809966595296
-0.01831165029000619,0.00010947812045064781,-0.049814203409096924,-0.010487454704322791,-0.008873580337440184,0.00011557126278611998,-0.006184045588908808,2.8654861077451607e-5,46.5,6.0,3.2940123183879755
-0.01947353346533041,0.00010927496414926078,-0.017906863112777893,-0.010488419850108309,-0.010827405292415842,0.00011150012695426942,-0.006850916753978468,2.1338480520895323e-5,46.8,6.0,3.314843640116422
-0.01957449764101001,0.00010908223606362951,0.011579648006867034,-0.010488940789714029,-0.012975769547189384,0.0001100983627974441,-0.007212085470585291,1.257085360769095e-5,47.1,6.0,3.3356749618448687
-0.018711457838275793,0.0001089336883785901,0.037894564970445535,-0.010491854317409108,-0.014613136335783601,0.00010987170005214591,-0.0028598115075558813,8.830599372547039e-6,47.4,6.0,3.356506283573315
-0.01700426438119984,0.00010883755451976656,0.06045792706327511,-0.010496220475961094,-0.014521201867889627,0.00010976896313859763,0.00324230288873485,8.309199237206748e-6,47.7,6.0,3.377337605301762
-0.014589884753438821,0.00010878441990960254,0.07885592787573191,-0.010500231246191,-0.013034835732830137,0.00010960456341079145,0.005864706725578394,8.226922463076349e-6,48.0,6.0,3.3981689270302082
-0.011616772965773473,0.00010875871878766961,0.09283533954140374,-0.01050275833557264,-0.011335042112478207,0.00010941383348859698,0.005191365661794175,8.183929657884575e-6,48.3,6.0,3.4190002487586546
-0.008239399848488493,0.00010874699138240396,0.10230013066271068,-0.010503712174616285,-0.009859964508330623,0.00010924021956596787,0.00507508296251283,8.163898164181371e-6,48.6,6.0,3.4398315704871014
-0.0046128414455042736,0.00010874110367622416,0.10731150756167324,-0.010503694980890373,-0.008121855465109799,0.00010911030869094492,0.006597710242946111,8.119384003708586e-6,48.9,6.0,3.460662892215548
-0.0008873166691609893,0.0001087377548466403,0.10809049835846879,-0.01050344260685827,-0.005820133104415997,0.00010902746243506792,0.008752064343523611,8.064025548442677e-6,49.2,6.0,3.4814942139439946
0.0027973704453184154,0.00010873661001127447,0.10502031080155728,-0.010503381336139692,-0.003033159138765988,0.00010898212018069166,0.009631384185645606,8.014616163091288e-6,49.5,6.0,3.502325535672441
0.006317408959404642,0.00010873896608261683,0.098644428893264,-0.010503431823648102,-0.0003865003054044427,0.00010896055326146893,0.007306506096673048,7.984420331009843e-6,49.8,6.0,3.523156857400887
0.00957035661847464,0.00010874781333033946,0.089656055707045,-0.010503072321963021,0.0010767404278256097,0.00010895032128057855,0.002409704234824911,7.977143683586332e-6,50.1,6.0,3.5439881791293337
0.01247994678854429,0.00010876903294047792,0.07887517620145203,-0.010501629621170433,0.0014296177505824755,0.00010894502176740086,0.0004218642134966331,7.977880475428693e-6,50.4,6.0,3.56481950085778
0.014999857614325304,0.00010881249098187865,0.06721112733200675,-0.010498730451694093,0.001390331813901245,0.00010894208145658443,-0.0008499182807728368,7.982515993501533e-6,50.7,6.0,3.585650822586227
0.017115939654285563,0.00010889113186597849,0.05561086570024142,-0.010494750681967247,0.0007957571961604956,0.00010894140810769996,-0.003064808581407176,7.98145267098789e-6,51.0,6.0,3.6064821443146733
0.018846449416178832,0.00010901625915127897,0.04499572218921062,-0.010490946204331289,-7.928140212228325e-5,0.00010894390395530559,-0.0020241232892313117,7.979730793589406e-6,51.3,6.0,3.6273134660431197
0.020239975547335948,0.00010918865520661864,0.03619186949491737,-0.010488830518491702,-0.0003260835381733846,0.00010895282197015974,0.00012513397328315108,7.983797214741197e-6,51.6,6.0,3.6481447877715665
0.021370958506275656,0.0001093884763329082,0.02986155869821899,-0.010488419069374512,-0.0001467775261904944,0.0001089741011884584,0.0008762723365960745,7.999203049318742e-6,51.9,6.0,3.668976109500013
0.022332966051694582,0.00010957161519405253,0.02644305530589109,-0.010485286570844896,0.00023540545624736747,0.00010901665439226301,0.0018483751882662593,8.0378852097379e-6,52.2,6.0,3.6898074312284597
0.02323015899944372,0.00010968491205607918,0.026106928589431193,-0.010466950909266401,0.0011641546218691483,0.00010909342497426085,0.004475811368691405,8.086090055705938e-6,52.5,6.0,3.710638752956906
0.02416762405360864,0.0001097146882534203,0.02873491377299351,-0.010409719710460778,0.002747244712738333,0.000109212871890179,0.00570960383200596,8.133349929379396e-6,52.8,6.0,3.7314700746853524
0.02524142581707308,0.0001097799190917445,0.033925156350126294,-0.010277524773870454,0.004315642799296672,0.00010937476835880884,0.004318323756776658,8.156661949750643e-6,53.1,6.0,3.7523013964137992
0.026529310129306805,0.00011027149531709756,0.04102459994362843,-0.010024155889481818,0.005350276858913692,0.00010955796996516085,0.0028813892393565383,8.17780544201802e-6,53.4,6.0,3.773132718142245
0.028082961040892043,0.00011202333496406359,0.04918603144661782,-0.009599575841750214,0.006269784218643612,0.00010972277204836624,0.0037560869688937366,8.225397269731248e-6,53.7,6.0,3.793964039870692
0.0299225751727584,0.0001164832662551487,0.057444314691021445,-0.008959782612300165,0.007717841111812537,0.00010983533346764127,0.005849646839122687,8.598585623609767e-6,54.0,6.0,3.8147953615991383
0.03203428651243762,0.00012583733580670683,0.06480404479710555,-0.008078344602219324,0.009557651219933253,0.00011004268649517958,0.005907557269910145,1.2326877963509833e-5,54.3,6.0,3.8356266833275847
-0.00795757387334372,0.00010983666303581189,-0.15007997178788676,-0.01031908878097082,0.026708066719592322,0.00015356479404817261,-0.0005918602340994758,4.2152204931869304e-5,54.6,7.0,3.8564580050560315
-0.013025344108962009,0.00010972554471535114,-0.11316175338357658,-0.010438885136339369,0.026468788806925974,0.00013693619657830208,-0.001011280398666328,3.909838440328452e-5,54.9,7.0,3.877289326784478
-0.016652000702631984,0.00010960915687499226,-0.07543311960298353,-0.010480224089389902,0.02609630889683148,0.00012457956989889748,-0.0014806080724644843,3.501481683587901e-5,55.2,7.0,3.8981206485129247
-0.01883881819426305,0.0001094097111871712,-0.03854934495542418,-0.010488286521006671,0.025574975754529394,0.00011635587264761374,-0.0020044304154304277,2.962638482831073e-5,55.5,7.0,3.918951970241371
-0.019646699372113493,0.00010918206102437499,-0.003947435265092901,-0.010488412863412847,0.02488770605589871,0.00011182633806422503,-0.0025877122291409842,2.259647527889093e-5,55.8,7.0,3.9397832919698175
-0.01918700428370695,0.00010899008495993817,0.02718945837947687,-0.010490344204418082,0.024008903305600782,0.00011014644623998397,-0.0033917273833523227,1.4057452014957424e-5,56.1,7.0,3.9606146136982643
-0.017611511125866137,0.00010886189733545423,0.053942990537384335,-0.01049483585634376,0.02298616498964527,0.00010984114466438145,-0.002451932252475986,1.0061684150795753e-5,56.4,7.0,3.9814459354267107
-0.015102280419592636,0.00010879202064151142,0.07565539826017924,-0.010499555372650248,0.02348412382936284,0.0001096868661655424,0.006723314808292676,9.715563445962668e-6,56.7,7.0,4.002277257155157
-0.011861812517135887,0.00010876005841108311,0.09192001781905666,-0.010502624277982393,0.0265636222315685,0.00010950309613708326,0.012364884926974472,9.498683932230507e-6,57.0,7.0,4.023108578883603
-0.008103540732534775,0.00010874669108509438,0.1025743156113962,-0.010503724478673964,0.030158105607508912,0.00010930598369936336,0.010849914081138492,9.433055654239453e-6,57.3,7.0,4.04393990061205
-0.004042477302373674,0.00010874045646271395,0.10769911895047987,-0.010503655602609949,0.03291866747976449,0.00010913971172665793,0.007497848341933271,9.391829402284915e-6,57.6,7.0,4.064771222340497
0.00011421793704661127,0.00010873720010478585,0.1076227840040129,-0.010503401098877391,0.034816047199674814,0.00010903279357763439,0.005499361643749472,9.312052189245054e-6,57.9,7.0,4.085602544068943
0.004176837336088027,0.00010873698516358039,0.10292451694939048,-0.010503408378932919,0.036377378625444615,0.00010897707016661569,0.004775501458946351,9.241126103025207e-6,58.2,7.0,4.10643386579739
0.007982699774828217,0.00010874229600263581,0.09442816049437407,-0.01050334660580288,0.03763355229896847,0.00010895230864415824,0.003320981430404779,9.200647121393824e-6,58.5,7.0,4.127265187525836
0.011405153912841264,0.00010875887021561618,0.08317728897623755,-0.010502348872875406,0.03816398962045295,0.00010894145594445405,0.00042277078128109575,9.190588247958264e-6,58.8,7.0,4.148096509254282
0.014361146811408536,0.00010879789426818933,0.07038467456487485,-0.010499649719028219,0.038186179351737605,0.00010893614922846727,-4.380832766228469e-5,9.201891973796618e-6,59.1,7.0,4.168927830982729
0.016816308516124683,0.00010887622134430697,0.057353718939035334,-0.01049539142833084,0.038245252680793,0.00010893648570921765,0.0007202323272723187,9.217474952037413e-6,59.4,7.0,4.189759152711176
0.018786521937182853,0.00010901052443883187,0.04537536246689783,-0.010491069335751706,0.0386533155768118,0.00010894050101871444,0.0018303911294604682,9.199927739679185e-6,59.7,7.0,4.2105904744396225
0.02033520021763283,0.00010920347337787595,0.03561001106613193,-0.010488758721445716,0.039097914078110446,0.00010894444569637535,0.000903567718483484,9.215060371793433e-6,60.0,7.0,4.2314217961680685
0.02156595887714897,0.0001094266883601043,0.028968815828258845,-0.010488278403175583,0.03924025573660198,0.00010896591705908247,0.00011996029048670213,9.22236304740611e-6,60.3,7.0,4.252253117896515
0.022610977273619676,0.00010961597373351306,0.02601108444877,-0.010482122143984259,0.039256966029429054,0.0001090163460645225,-0.00011154983119976585,9.268636190883835e-6,60.6,7.0,4.273084439624962
0.023615988637566157,0.00010970517835774077,0.026874047443356915,-0.010449296076397087,0.03892497721391211,0.00010911028480036812,-0.0025907885395427383,9.336561114406146e-6,60.9,7.0,4.293915761353408
0.024723401874220896,0.00010972875758696356,0.031247604048397676,-0.01035061606637799,0.03762615204609637,0.00010925583733629204,-0.005787743941793338,9.391562508921555e-6,61.2,7.0,4.314747083081855
0.026055433645532502,0.00011001236382672096,0.0384006040582587,-0.010128712019852493,0.03563883086819068,0.00010943778216454276,-0.0070373444880803115,9.426385355067762e-6,61.5,7.0,4.335578404810302
0.027699240076646637,0.00011144266474848695,0.047257744537144354,-0.009715254544566374,0.03367128586902664,0.0001096197619772823,-0.005476218931561286,9.447404210969905e-6,61.8,7.0,4.356409726538748
0.02969585475176018,0.00011576732771695049,0.05651860525116525,-0.009045651669355795,0.03243995694636575,0.0001097976118707893,-0.003256898029466196,1.0260236979593962e-5,62.1,7.0,4.377241048267194
0.03203428651243762,0.00012583733580670683,0.06480404479710555,-0.008078344602219324,0.031519111345439235,0.00011036889687114984,-0.002939979417474885,1.6099699438838522e-5,62.4,7.0,4.39807236999564
-0.00795757387334372,0.00010983666303581189,-0.15007997178788676,-0.01031908878097082,0.03114633089991775,0.00013988934191610288,0.0056805433673972425,3.972152830187899e-5,62.7,8.0,4.418903691724087
-0.012183880326770424,0.00010974024723018954,-0.12019856281954491,-0.01042409629611845,0.03289744956607725,0.00012672349813285314,0.005996391313107872,3.584523177582654e-5,63.0,8.0,4.439735013452534
-0.015462191495283445,0.00010966308408919207,-0.08956703511645286,-0.010470598606323427,0.03474589675919994,0.00011772933945590025,0.006329551523689562,3.0718954950905556e-5,63.3,8.0,4.46056633518098
-0.017783587120873346,0.00010953010797070794,-0.05910222034617761,-0.010485922284110525,0.036697004698777895,0.00011252923946841438,0.006680955548634251,2.401829109000899e-5,63.6,8.0,4.481397656909427
-0.01916650038314111,0.00010935252663357318,-0.029634230482387412,-0.010488463408802464,0.038756356076844266,0.00011036624480639974,0.00704730749167538,1.5356036393399782e-5,63.9,8.0,4.5022289786378735
-0.01965371156829315,0.00010916851801069704,-0.0018890035921478251,-0.010488441748583058,0.04079431896518473,0.00010993978435621591,0.006193071660325739,8.828398613965475e-6,64.2,8.0,4.52306030036632
-0.019308931134296794,0.00010901078310996239,0.023520769264509276,-0.010489928384579024,0.04257217291967524,0.00010985898730547935,0.005997061980686345,7.61494028741914e-6,64.5,8.0,4.543891622094766
-0.018213206834475876,0.00010889495364751383,0.046098193094972095,-0.010493285708005774,0.04431612608374108,0.00010973848775671074,0.004682232402473562,7.437804459425923e-6,64.8,8.0,4.564722943823213
-0.01646132299813107,0.00010882082378498893,0.06546052850296011,-0.010497318455801513,0.045014314738264956,0.00010957376960254268,5.242286341855752e-5,7.3738398724494995e-6,65.1,8.0,4.585554265551659
-0.014158285181264716,0.0001087789903264141,0.08133574785766412,-0.01050073769279275,0.04444067949280461,0.00010939696166015612,-0.003211170580724212,7.363499676437539e-6,65.4,8.0,4.606385587280107
-0.011415913483407888,0.00010875768934796902,0.09355931207710677,-0.010502860135961911,0.043548550586138504,0.000109239758941157,-0.002257275866814822,7.3499591429934495e-6,65.7,8.0,4.627216909008553
-0.008349514799160743,0.00010874724126735697,0.10207249042088769,-0.010503701111679701,0.04336204313863409,0.00010911983316782116,0.0010571568222346509,7.317994281311165e-6,66.0,8.0,4.648048230736999
-0.00507457688424576,0.00010874166947442195,0.10692263074195205,-0.010503723479036144,0.04410656183578294,0.00010904023685145352,0.0037534822611229477,7.27284416294758e-6,66.3,8.0,4.668879552465445
-0.0017034296133976831,0.0001087383178472825,0.10826481788317052,-0.010503488956440668,0.04575485841445771,0.00010899298683282989,0.007492058499585558,7.233396467473038e-6,66.6,8.0,4.689710874193891
0.0016581497209086952,0.00010873667952579708,0.10636350040787311,-0.010503374383133736,0.04855190534106718,0.00010896749944154884,0.010926497203397698,7.20734164215749e-6,66.9,8.0,4.710542195922339
0.004914355700071834,0.000108737444008859,0.10159207068699486,-0.010503423735278492,0.052100740705219646,0.00010895528816931219,0.012401271984934303,7.20852706935864e-6,67.2,8.0,4.731373517650785
0.007982699774828217,0.00010874229600263581,0.09442816049437407,-0.01050334660580288,0.05605150811676006,0.00010895276875947844,0.013970405175698907,7.204081225755872e-6,67.5,8.0,4.752204839379232
0.010797114180802559,0.00010875447791883468,0.08544261641816711,-0.010502650153190633,0.060310983487288715,0.00010894805070224512,0.01417111035649386,7.208008105071921e-6,67.8,8.0,4.773036161107678
0.013310592970557032,0.00010877965248519287,0.07528073351421775,-0.01050088056836863,0.06461189938401646,0.00010894161226357685,0.014495355225845979,7.203330012058857e-6,68.1,8.0,4.7938674828361245
0.015497118033807036,0.00010882622047781636,0.06463527425350744,-0.010497921019581725,0.06882173366280712,0.0001089407263672878,0.01324433715967603,7.1896841905510385e-6,68.4,8.0,4.814698804564571
0.0173526208768252,0.00010890406995814252,0.05421195214545246,-0.01049423226121898,0.07265357836573046,0.0001089436383408394,0.012839194661815056,7.187940655251409e-6,68.7,8.0,4.835530126293018
0.018894770899782892,0.0001090209720491877,0.04468925037331519,-0.010490848116284316,0.07661781745079137,0.00010895169888757448,0.013308136124752333,7.188518401677935e-6,69.0,8.0,4.856361448021464
0.020161456410974644,0.00010917674390225783,0.036675500140196625,-0.010488897817501893,0.08033468573495131,0.00010896839622471111,0.011176846031630492,7.201797641237837e-6,69.3,8.0,4.87719276974991
0.02120792880919446,0.00010935698628201495,0.030666901370556113,-0.010488474620731925,0.08323101626136288,0.00010900150642270548,0.008138760946480196,7.223139221042025e-6,69.6,8.0,4.898024091478357
0.022102701967681822,0.0001095304592097176,0.027010508698683152,-0.010486835700507326,0.0852482964440497,0.000109059001388061,0.005645540505672428,7.253777553724864e-6,69.9,8.0,4.918855413206804
0.022922423630446432,0.00010965634732810819,0.025876062973899015,-0.01047618425005032,0.0870034336012741,0.00010914825479722465,0.006924450588538999,7.292865459390064e-6,70.2,8.0,4.9396867349352505
0.02374604831176347,0.00010970880728974116,0.02723992256953762,-0.010441578120136796,0.0895021348751897,0.00010927601227399687,0.009158995973660246,7.322744706303828e-6,70.5,8.0,4.960518056663696
0.024648727522111946,0.00010972524320602452,0.030883304176744023,-0.010359720189995893,0.09208500456529321,0.00010943817409574965,0.007483967671997714,7.332373081435364e-6,70.8,8.0,4.981349378392143
0.025695881792408854,0.00010988103692170879,0.03640569954586903,-0.010199404517395445,0.09382938166674927,0.00010961345571854769,0.004265676213430487,7.344068695809962e-6,71.1,8.0,5.002180700120589
0.02693792300946629,0.0001105870318692183,0.043252851478110095,-0.009924154932843009,0.09497351128500899,0.00010976878410607011,0.004139770690749336,7.415128109298258e-6,71.4,8.0,5.023012021849037
0.028406053365304867,0.00011259796157158872,0.05075722485342553,-0.009497114041186971,0.09648584181559214,0.00010986938544504726,0.005965313928837465,7.576270272181205e-6,71.7,8.0,5.043843343577483
0.03010948256249068,0.0001171121290000905,0.05818766574512923,-0.008887623132484496,0.09855584931199948,0.00010989738200388281,0.007856079164503845,8.115339241516029e-6,72.0,8.0,5.06467466530593
0.03203428651243762,0.00012583733580670683,0.06480404479710555,-0.008078344602219324,0.10099224723936662,0.00011000324983973485,0.007925364869996608,1.1489549928353395e-5,72.3,8.0,5.0855059870343755
-0.00795757387334372,0.00010983666303581189,-0.15007997178788676,-0.01031908878097082,0.10447812909654318,0.0001467939416620889,0.006730222930663978,4.105791368666115e-5,72.6,9.0,5.106337308762821
-0.012432180699251144,0.00010973604080345223,-0.11816926644312123,-0.010428668063946222,0.10642462182186745,0.00013180847656697465,0.006232439369538459,3.762997077355833e-5,72.9,9.0,5.127168630491269
-0.015826863738659238,0.00010964889529979779,-0.0854763303226319,-0.010473950332278555,0.10820879374961938,0.00012106398902931399,0.00564664198723282,3.3071433869057254e-5,73.2,9.0,5.147999952219715
-0.018134209201498937,0.0001094970475503383,-0.0531040660535573,-0.010487018616320478,0.10980290561155298,0.00011431401847915757,0.004963804510694544,2.7084531725918182e-5,73.5,9.0,5.168831273948162
-0.01938171850265685,0.00010930248041935786,-0.022039694135547332,-0.010488449827713485,0.11117639437847922,0.00011097602783863725,0.004174118110805488,1.9305467652006433e-5,73.8,9.0,5.189662595676608
-0.01962754784544621,0.00010911187096024951,0.006867333376949047,-0.010488698512083675,0.11238116638796583,0.00011000456009671459,0.004579994989340328,1.0879506723087381e-5,74.1,9.0,5.210493917405055
-0.01895571614236542,0.00010895914013552346,0.03291557740370882,-0.010491098294626598,0.11425012224953023,0.00010986240681931962,0.007816480243994199,8.228511455127433e-6,74.4,9.0,5.2313252391335014
-0.017471126648388093,0.00010885561464652783,0.055553139306013126,-0.010495171402442233,0.11695313947487936,0.00010975373700767145,0.009919905343454084,7.903463205977754e-6,74.7,9.0,5.252156560861948
-0.015294631251481122,0.00010879525374567645,0.07437420731389092,-0.010499279419868585,0.11984396867344264,0.0001095925363280585,0.008712385258980958,7.809629172121967e-6,75.0,9.0,5.272987882590394
-0.0125582422313902,0.00010876444285130545,0.08911420832076651,-0.010502179463567664,0.12194702680653945,0.0001094068314042723,0.0049596160937987206,7.794291277740378e-6,75.3,9.0,5.29381920431884
-0.009400489134825298,0.00010874996483658649,0.09964630413257147,-0.010503539942113244,0.12277686805051197,0.00010923785604280683,0.0008965070453642185,7.77926103691668e-6,75.6,9.0,5.314650526047287
-0.005961848723245557,0.00010874287709477072,0.1059806094148396,-0.01050376437230826,0.12273666550463436,0.0001091105952637924,-0.0007344605760034038,7.739384198479144e-6,75.9,9.0,5.335481847775734
-0.0023801565350384897,0.00010873885631099232,0.10826590427293036,-0.010503534025555473,0.1224939271439044,0.00010902842856999411,-0.0008335423500411836,7.689835107393848e-6,76.2,9.0,5.356313169504181
0.0012140576462388007,0.00010873678339915534,0.10679208186340376,-0.01050337745537086,0.12229569068244117,0.00010898216384322488,-0.00032985778551296107,7.645547019169652e-6,76.5,9.0,5.3771444912326265
0.004702288747487611,0.00010873729095191471,0.10199041277932465,-0.010503419660663479,0.12239410203379675,0.00010895852133863235,0.0013937114040692958,7.618480269237141e-6,76.8,9.0,5.397975812961073
0.007982699774828217,0.00010874229600263581,0.09442816049437407,-0.01050334660580288,0.12322524317187375,0.00010894693001968383,0.004087825837700194,7.604638884171509e-6,77.1,9.0,5.418807134689519
0.010974445171110918,0.00010875567313496778,0.08479427665057034,-0.010502569327157325,0.1247074593041507,0.00010894049430413785,0.005472996070411942,7.604949242230443e-6,77.4,9.0,5.439638456417967
0.013621334369675187,0.00010878441448588377,0.07387384195313319,-0.01050055123793973,0.1263502173759017,0.00010893703134344014,0.005348285147313415,7.604453532604312e-6,77.7,9.0,5.460469778146413
0.015894442339883904,0.00010883897718249854,0.06251046682985081,-0.01049721545530143,0.12796708975479676,0.00010893537622749241,0.005889601878518888,7.606681235336603e-6,78.0,9.0,5.48130109987486
0.0177932790781693,0.00010893123634514229,0.051557784263128625,-0.010493248571016172,0.13004878404305006,0.00010893661483700055,0.008180903300721479,7.605491678799372e-6,78.3,9.0,5.502132421603306
0.019345200983404844,0.00010906894406001021,0.04182314323791101,-0.010489998118247947,0.132913921912508,0.00010894244045840142,0.010455555374353625,7.607690695520231e-6,78.6,9.0,5.5229637433317516
0.020602880252206635,0.00010924729225128766,0.03400831422984616,-0.010488612509642167,0.13616753942395216,0.00010895682211158443,0.01117192863718549,7.6156439696914086e-6,78.9,9.0,5.543795065060199
0.02163982965344085,0.00010944122319950147,0.028653153307331803,-0.01048819121962687,0.1395286485671632,0.00010898578688136782,0.011063356377761449,7.63887453385924e-6,79.2,9.0,5.564626386788645
0.022544186564933844,0.00010960595710266842,0.02608852841799344,-0.01048303965366881,0.14272278940512456,0.00010903930976086129,0.01028091353365569,7.67474165859176e-6,79.5,9.0,5.585457708517092
0.02341116415409044,0.00010969640586065048,0.02640429856649968,-0.01045959481284731,0.1455052487268216,0.00010912825780791846,0.007832601953227825,7.716462644283159e-6,79.8,9.0,5.606289030245538
0.0243347503789325,0.0001097167714040558,0.029436795157481672,-0.010394038852942333,0.14723111990580273,0.00010925937403367231,0.003416565092022239,7.753243521116295e-6,80.1,9.0,5.627120351973985
0.025399351922384895,0.00010980792113631952,0.03477825184875568,-0.010251833265045172,0.14749376012567866,0.00010942891685567489,-0.0017400662658028827,7.768344132693076e-6,80.4,9.0,5.647951673702432
0.02667212240787084,0.00011037140935218947,0.041808230647385716,-0.009990212801497297,0.14621265731726651,0.00010961136935559463,-0.006527171879391513,7.782532367786093e-6,80.7,9.0,5.668782995430878
0.028196674377649104,0.00011221636543042729,0.049744620377629695,-0.009564030454625325,0.14382032427226193,0.00010976346550272136,-0.008790537564262143,7.862254557598111e-6,81.0,9.0,5.689614317159324
0.029988755663746987,0.00011670188876680785,0.05770956923446706,-0.008934372218384435,0.14131130271076614,0.00010985183663083189,-0.007768134725971401,8.11564312523281e-6,81.3,9.0,5.710445638887771
0.03203428651243762,0.00012583733580670683,0.06480404479710555,-0.008078344602219324,0.13908294106694205,0.00010993878806332983,-0.00733772112142188,1.0415478123596949e-5,81.6,9.0,5.731276960616217
-0.00795757387334372,0.00010983666303581189,-0.15007997178788676,-0.01031908878097082,0.12753714331810728,0.00015004613789068133,0.010087409378355583,4.159991315731863e-5,81.9,10.0,5.752108282344665
-0.011667616450095224,0.00010974888797400922,-0.12430154479512028,-0.010414030520539155,0.1305097175722753,0.00013426372450490455,0.009716267453847065,3.835650088300874e-5,82.2,10.0,5.772939604073111
-0.014670668434343597,0.00010968848122340719,-0.09786628692417358,-0.010462086622653948,0.1333583810280945,0.00012274031035149806,0.009259872900105614,3.403211091188704e-5,82.5,10.0,5.793770925801557
-0.016957216137155423,0.00010959114081763276,-0.07137734956592712,-0.01048208913855185,0.1360562014502108,0.00011528261877912513,0.008709052693164274,2.834010231192631e-5,82.8,10.0,5.814602247530003
-0.01853346311059073,0.00010945188575668067,-0.04539267054674162,-0.010487888674775757,0.13857337454635418,0.00011137919707906964,0.008053822296705733,2.0930032417939343e-5,83.1,10.0,5.835433569258449
-0.01941996505029637,0.00010929167843453389,-0.020415040553266737,-0.010488438572774785,0.14088242237864596,0.0001100934413061055,0.007391601095997974,1.1778703457232022e-5,83.4,10.0,5.856264890986897
-0.01965004788628986,0.00010913593269303024,0.0031140757387770235,-0.010488559756047254,0.14313888684864054,0.00010993834834492036,0.007890403547909918,7.359665542517292e-6,83.7,10.0,5.877096212715343
-0.019268103707735997,0.00010900339299733898,0.02481751409940381,-0.010490069285729674,0.14571865834148856,0.0001098681055603189,0.009215479945023334,6.7922571893069865e-6,84.0,10.0,5.89792753444379
-0.01832784111719978,0.00010890270947998357,0.0443829491625664,-0.010492968791675099,0.14851404986351027,0.00010974890685035155,0.00881176451681502,6.653912304396692e-6,84.3,10.0,5.918758856172236
-0.016890544120706574,0.00010883371519754964,0.06156187317806548,-0.010496461003001282,0.15060411735542634,0.00010959866934897341,0.004443960656665236,6.595816198905087e-6,84.6,10.0,5.9395901779006826
-0.015023369844773773,0.00010879075804733854,0.07616788155253082,-0.010499664988121132,0.15100862166529336,0.0001094373428915268,-0.001975106267864406,6.587119136114327e-6,84.9,10.0,5.960421499629129
-0.012797693364194642,0.00010876617774376951,0.08807500966985188,-0.010502003021875293,0.1492820262375369,0.00010928763413240263,-0.00973851947723236,6.5825968179517e-6,85.2,10.0,5.981252821357576
-0.010287490536011286,0.00010875286621535437,0.09721664990230001,-0.010503310196455774,0.14511798880540347,0.00010916622950508221,-0.01808182493330861,6.561855122784181e-6,85.5,10.0,6.002084143086022
-0.00756773911686099,0.00010874558610620127,0.10358529767680459,-0.01050375959479525,0.13882900234774526,0.00010907764327891664,-0.02202835506313496,6.537656222332552e-6,85.8,10.0,6.022915464814468
-0.004712815859488652,0.00010874122287052139,0.10723306744233359,-0.010503701461240196,0.13280159446045273,0.00010901925808067285,-0.01739820402477184,6.50828070131799e-6,86.1,10.0,6.043746786542915
-0.0017948729569369217,0.00010873838685381606,0.10827262314686728,-0.010503494741393771,0.1285544021162295,0.00010898315173819666,-0.01114000299774851,6.483743524293199e-6,86.4,10.0,6.064578108271362
0.001117809713340594,0.00010873681105386503,0.1068779217979373,-0.010503378599188009,0.1258680605603155,0.00010896217511750144,-0.00709640061534357,6.4670926611711395e-6,86.7,10.0,6.0854094299998085
0.0039624814176899975,0.000108736888401744,0.10328400555152202,-0.010503403605805327,0.1241719117092841,0.00010895116932681096,-0.00437232034635647,6.454038975525772e-6,87.0,10.0,6.106240751728254
0.006683549646212501,0.00010873953455833472,0.09778502071619678,-0.010503424839868866,0.12291408438191796,0.00010894481104396845,-0.004845333016143904,6.451562199337549e-6,87.3,10.0,6.127072073456701
0.00923412296320793,0.00010874639664109481,0.09072970200322804,-0.010503152172357848,0.12076768993460925,0.00010894076001482654,-0.010375801785735125,6.4537568649820315e-6,87.6,10.0,6.147903395185147
0.011577390670969846,0.0001087602753762568,0.0825137346355865,-0.01050225055646084,0.11627585586317071,0.00010893869588008494,-0.019269689867546746,6.454463346532864e-6,87.9,10.0,6.168734716913595
0.01368774994358688,0.00010878549602112274,0.07356867949462427,-0.01050047716898993,0.10969237898721074,0.00010893780901996661,-0.0238090793061089,6.453038048819203e-6,88.2,10.0,6.189566038642041
0.015551587094346389,0.00010882786912835016,0.06434748960413089,-0.010497827355374838,0.10252315193673485,0.00010893779061587456,-0.02285852078455393,6.453507396867144e-6,88.5,10.0,6.210397360370488
0.017167625472963206,0.00010889386605253881,0.05530702353952636,-0.010494638292125817,0.09628774165437422,0.00010894127359210816,-0.01919152571455382,6.454139428209615e-6,88.8,10.0,6.2312286820989335
0.01854676851732059,0.00010898875660788742,0.04688833175749399,-0.010491575995705087,0.09055082915432171,0.00010895188652019876,-0.020169561791817153,6.490276581873263e-6,89.1,10.0,6.2520600038273795
0.019711391967418102,0.0001091137763471685,0.03949581416319511,-0.010489420598721069,0.083816683249766,0.00010897802204051896,-0.024731252355602376,6.479416733856682e-6,89.4,10.0,6.272891325555827
0.020694072367039,0.00010926293065240166,0.03347658460850613,-0.010488579715191626,0.0756857660337673,0.00010900362469197641,-0.029004956024295533,6.521631326738128e-6,89.7,10.0,6.293722647284273
0.021535777034333806,0.00010942075274179928,0.02910150193172462,-0.01048830778562598,0.06713805664005473,0.00010904598146867488,-0.02681916599815136,6.518784369340333e-6,90.0,10.0,6.31455396901272
0.022283580344964634,0.00010956307299253955,0.026549320497461823,-0.010485687995427102,0.0598576690744987,0.0001091194139828972,-0.021723576844754237,6.523880388036058e-6,90.3,10.0,6.335385290741166
0.02298800883146446,0.00010966340730886792,0.02589527208717227,-0.01047452831859088,0.05387762679392511,0.00010922324723323506,-0.01880380442929357,6.543747604333442e-6,90.6,10.0,6.356216612469613
0.023700149725579215,0.00010970767445924552,0.027105125093261247,-0.010444410334438887,0.04806097874557162,0.00010935585508222052,-0.02080653944266117,6.557559388727679e-6,90.9,10.0,6.3770479341980595
0.024468681057232947,0.00010971937934876322,0.030035398456849337,-0.010380180575539695,0.04124651301637612,0.00010950906076734562,-0.024105765954676103,6.560464297158878e-6,91.2,10.0,6.397879255926506
0.0253369939201397,0.00010979603370637201,0.03443996894467607,-0.010262165110587057,0.034371204683110376,0.0001096647456870852,-0.020564466012248143,6.562195271079514e-6,91.5,10.0,6.418710577654952
0.02634057763175133,0.0001101554851731302,0.03998284021027126,-0.01006730652622096,0.02903301361317744,0.00010979642492735427,-0.015513556120102882,6.602140067652059e-6,91.8,10.0,6.439541899383399
0.02750482597538826,0.00011118825253478293,0.04625638240783403,-0.009771273457219804,0.02460329637105055,0.00010987919501037418,-0.014895990469672157,6.7674141853330355e-6,92.1,10.0,6.460373221111845
0.028843398348781024,0.00011350936542284815,0.052803942291552684,-0.009351399842806082,0.019566895035676973,0.0001099120252322013,-0.01951142261871958,7.111523095213758e-6,92.4,10.0,6.481204542840293
0.03035723531984364,0.00011800113917802973,0.05914540081365445,-0.008790112349158483,0.01306038842247588,0.00010992960010943408,-0.022848908459207708,8.004241188217964e-6,92.7,10.0,6.502035864568739
0.03203428651243762,0.00012583733580670683,0.06480404479710555,-0.008078344602219324,0.00639071688753999,0.0001101616691855413,-0.021181308477722975,1.3025723170382604e-5,93.0,10.0,6.5228671862971845
-0.00795757387334372,0.00010983666303581189,-0.15007997178788676,-0.01031908878097082,-0.009593787844975424,0.00013816717138357966,-0.0021453075565845098,3.9363082935569256e-5,93.3,11.0,6.543698508025631
-0.011191960920287071,0.0001097569840787997,-0.12795217374267642,-0.010404083640343325,-0.01025922818584462,0.00012547385400288693,-0.0022925774781218213,3.536723788204695e-5,93.6,11.0,6.564529829754077
-0.013904576282599033,0.00010970772733218418,-0.10527410434469002,-0.010452216678509887,-0.010970336319975694,0.00011693089724766734,-0.0024498687001104536,3.0089709738985474e-5,93.9,11.0,6.585361151482525
-0.016087191032295674,0.00010963760171293436,-0.0824353210438361,-0.010476125058341747,-0.01173021907797182,0.00011212548062068434,-0.002617858156731997,2.3199035388299746e-5,94.2,11.0,6.606192473210971
-0.017740380529341657,0.00010953383702847451,-0.05980240934803655,-0.010485765488665907,-0.012542183201798684,0.00011025397901747607,-0.002795067217105529,1.429331121651999e-5,94.5,11.0,6.627023794939418
-0.01887292498460467,0.00010940444686772556,-0.03771364721743508,-0.010488316806278264,-0.013340966954615355,0.0001099768512068831,-0.002426001396102577,7.337230940216719e-6,94.8,11.0,6.647855116667864
-0.019501104627001373,0.00010926541075046044,-0.016475260487049427,-0.010488409477946117,-0.013952521216435905,0.00010994014945638953,-0.0017853809024906304,6.102262318940607e-6,95.1,11.0,6.6686864383963105
-0.01964792497087227,0.00010913253364798611,0.0036408756796984998,-0.01048857649545714,-0.01458948496455813,0.00010985182163280953,-0.0028085963212692365,5.945047528649044e-6,95.4,11.0,6.689517760124757
-0.019342303304974162,0.00010901724329592149,0.02239831663265951,-0.010489811797506798,-0.015887485952505918,0.00010973859984937835,-0.005623135417619916,5.847070384915195e-6,95.7,11.0,6.710349081853204
-0.01861824152703241,0.00010892531822943993,0.0395961931529506,-0.010492133017466057,-0.01771798309319125,0.00010960751534811689,-0.006336780232387795,5.816933695530248e-6,96.0,11.0,6.73118040358165
-0.01751400347634864,0.00010885748649843785,0.055068732093352966,-0.010495069929259502,-0.01988857908398245,0.00010946877440359652,-0.00896277876431298,5.8109284617539385e-6,96.3,11.0,6.752011725310096
-0.016071307678812204,0.00010881095020649767,0.06868445943528305,-0.010498031652561995,-0.023561832492321914,0.00010933636967187972,-0.015833269459413556,5.809075104038621e-6,96.6,11.0,6.772843047038543
-0.014334539621541863,0.00010878111128979255,0.08034535905266567,-0.01050053752724426,-0.029149113316686025,0.00010922206465762709,-0.02002539456347741,5.7988497142132515e-6,96.9,11.0,6.79367436876699
-0.012349981958996647,0.00010876303413246248,0.08998620146080186,-0.01050232284568486,-0.034817015783768,0.00010913010128878512,-0.017216118153398,5.786703301788994e-6,97.2,11.0,6.814505690495436
-0.010165056953644672,0.00010875242569865573,0.09757417821592605,-0.010503347803531068,-0.03967990206471776,0.00010906159897898526,-0.016248048240245793,5.771094140201937e-6,97.5,11.0,6.835337012223882
-0.00782757333626437,0.00010874610684401221,0.10310888708725265,-0.010503745125835424,-0.044912146340791124,0.00010901462799708245,-0.018116366393956397,5.751844758888566e-6,97.8,11.0,6.856168333952329
-0.005384969814992775,0.00010874207284383014,0.10662261934096014,-0.010503740203652343,-0.0499469243049656,0.00010898385858633267,-0.014662017391195853,5.738711525634288e-6,98.1,11.0,6.876999655680775
-0.0028835496369778906,0.00010873929852229375,0.10818081242152218,-0.010503570180563457,-0.053718517138253506,0.00010896503484689418,-0.011326966428906323,5.7257706606468e-6,98.4,11.0,6.897830977409223
-0.00036770468036976503,0.0001087374475287001,0.1078824574829985,-0.010503418778571208,-0.05743308637899243,0.00010895375297738765,-0.014328735223328257,5.720613023434606e-6,98.7,11.0,6.918662299137669
0.0021208668941895626,0.00010873661523274963,0.10586019889775716,-0.01050337483149474,-0.06217627567588926,0.00010894723191373222,-0.0162316727107045,5.715818252275143e-6,99.0,11.0,6.9394936208661155
0.004543938937699448,0.0001087371880906106,0.10227983750467917,-0.010503416391883492,-0.06673853407488083,0.00010894286496085587,-0.013751257511467031,5.717065269442994e-6,99.3,11.0,6.9603249425945615
0.006867514350771724,0.0001087398516107941,0.09733895409449725,-0.010503419264304516,-0.07049777416620004,0.00010894025375408705,-0.011563363110748204,5.717972520349218e-6,99.6,11.0,6.981156264323007
0.009062537423137434,0.00010874573053422983,0.09126440502892887,-0.01050318789727718,-0.07409683265164298,0.00010893838125187365,-0.013490871250269576,5.715688603189235e-6,99.9,11.0,7.001987586051455
0.011105532955030042,0.00010875660063065177,0.08430850584656147,-0.010502505938343346,-0.07877987181336135,0.00010893653518535959,-0.01695380018685703,5.7165051191326825e-6,100.2,11.0,7.022818907779901
0.012979140339643369,0.00010877507305627693,0.07674380663817337,-0.010501201609476513,-0.08339818610887885,0.00010893651778540268,-0.012893977679624734,5.712512508180482e-6,100.5,11.0,7.043650229508348
0.014672509745828344,0.00010880462393819809,0.06885646815460804,-0.01049921835001073,-0.08660431622414018,0.0001089386962298104,-0.009171393015012966,5.711124158870095e-6,100.8,11.0,7.064481551236794
0.016181529066781573,0.00010884933317755873,0.06093836174491411,-0.010496674166946732,-0.08926267362356036,0.00010894399386787062,-0.00837563595749976,5.713510310897934e-6,101.1,11.0,7.085312872965241
0.017508854497701332,0.00010891322119522704,0.0532781301106638,-0.010493885532008206,-0.09123055423749346,0.00010895432634880093,-0.004840240004371041,5.715819484991593e-6,101.4,11.0,7.106144194693687
0.01866372435587447,0.00010899914509179473,0.046151550143781195,-0.010491326275934618,-0.09272799870979419,0.00010897108151669728,-0.006857699972977766,5.723348277768881e-6,101.7,11.0,7.126975516422134
0.019661544736500697,0.00010910734612979821,0.03981162504169378,-0.010489491919816702,-0.0964361156688211,0.00010899776971860743,-0.019001841667335376,5.733182027444632e-6,102.0,11.0,7.14780683815058
0.02052324628670962,0.00010923392690845085,0.03447889302378305,-0.010488647818831142,-0.10405865325501777,0.00010903876084010912,-0.030848498518255454,5.7445821525857585e-6,102.3,11.0,7.168638159879027
0.021274423114200056,0.00010936976106057242,0.03033246878040446,-0.010488456411088958,-0.1138331732419806,0.00010909778841611739,-0.03194200119710756,5.760312829628601e-6,102.6,11.0,7.189469481607473
0.021944276850357033,0.00010950056460528939,0.02750232808224471,-0.01048750361632714,-0.12198189844732903,0.00010917839024048872,-0.021288951171787182,5.774878791239569e-6,102.9,11.0,7.210300803335921
0.022564400352560226,0.00010960903479321962,0.02606330517978067,-0.010482773520997534,-0.12650641522137704,0.00010928117514338474,-0.009263680399060892,5.785376397142139e-6,103.2,11.0,7.2311321250643665
0.023167445652234508,0.00010968003032410913,0.026031198765591287,-0.010469148489683836,-0.12789261633962398,0.00010940275975384077,-0.0005725008191224494,5.791443868916712e-6,103.5,11.0,7.2519634467928125
0.023785728818787093,0.00010970967110614281,0.02736127985864123,-0.010439032347673509,-0.1274436480928513,0.00010953607400019803,0.0026594320669452026,5.7918618879022475e-6,103.8,11.0,7.272794768521259
0.024449829820540326,0.00010971893853074614,0.02994937059925394,-0.010382201208669964,-0.12663890751072115,0.00010966858474311682,0.0021870909948624334,5.795089026142579e-6,104.1,11.0,7.293626090249705
0.02518724780547894,0.00010977185060049395,0.03363552479799565,-0.010285975535852854,-0.1262181084095751,0.00010978342331462729,0.0006913148764597969,5.814409497685675e-6,104.4,11.0,7.314457411978153
0.026021171281599552,0.00010999760045194264,0.03821019829576823,-0.010135776707121676,-0.1261866712384082,0.000109864418502478,-0.00037746588678894317,5.8773159273332764e-6,104.7,11.0,7.335288733706599
0.026969418449757795,0.000110615252445117,0.04342265917564214,-0.009916083894576114,-0.12640563257290618,0.00010990484037002343,-0.0011508260554844443,6.041465427033975e-6,105.0,11.0,7.356120055435046
0.028043595649951448,0.00011195879227605303,0.04899126359200873,-0.00961174825030255,-0.1267986156793444,0.00010992297436993124,-0.0013147148009643897,6.384729659097959e-6,105.3,11.0,7.376951377163492
0.029248511936099113,0.00011449965314078289,0.05461512037625722,-0.009209559856201501,-0.1271485192723054,0.0001099736182109041,-0.0008343339587226771,6.8966309603063174e-6,105.6,11.0,7.397782698891938
0.03058187577873884,0.00011886341779414463,0.059986592955946265,-0.008699908767459272,-0.12706669358355824,0.0001101216636277681,0.0015500604217778045,8.302507520531389e-6,105.9,11.0,7.418614020620385
0.03203428651243762,0.00012583733580670683,0.06480404479710555,-0.008078344602219324,-0.12629443216548242,0.0001106781207910986,0.0034051668163945083,1.4943889714502114e-5,106.2,11.0,7.439445342348832
-0.00795757387334372,0.00010983666303581189,-0.15007997178788676,-0.01031908878097082,-0.12275386565830146,0.00013290830750001693,-0.005499504707560905,3.796988939252446e-5,106.5,12.0,7.460276664077278
-0.012069619639408703,0.00010974216431064053,-0.12111989262318026,-0.010421933800970257,-0.1242734944933204,0.00012180766815696425,-0.004610388638187772,3.352052374221244e-5,106.8,12.0,7.481107985805724
-0.015290795151719432,0.00010966916377073066,-0.09142759389377643,-0.010468899571019569,-0.12550690707173195,0.00011473616363974221,-0.0035893207858025016,2.767105117265131e-5,107.1,12.0,7.501939307534171
-0.017611792791646343,0.00010954453792513027,-0.061842323459377326,-0.010485270536221732,-0.12641259754024,0.00011114450405181773,-0.0024233218992092817,2.006387883335114e-5,107.4,12.0,7.5227706292626175
-0.019047640808269612,0.00010937518519839361,-0.033127766781443885,-0.010488428295965625,-0.12692022698106256,0.00011004223475354112,-0.0006145075244875246,1.1067027805827913e-5,107.7,12.0,7.543601950991064
-0.019635158787538506,0.00010919533983562695,-0.0059565015300544226,-0.010488394337933905,-0.12652858905555606,0.00010990873381714,0.0035550771955201567,7.507936818263942e-6,108.0,12.0,7.56443327271951
-0.0194300523365383,0.000109036562247694,0.019098459216271742,-0.010489497899025774,-0.12490700555753277,0.00010982467987425879,0.00657800383245933,7.082732084779392e-6,108.3,12.0,7.585264594447957
-0.018503841351178833,0.00010891584268551361,0.04156647790728009,-0.010492468023664912,-0.12304074470478249,0.00010969124671151892,0.005311805946940085,6.951862927543002e-6,108.6,12.0,7.606095916176403
-0.016940765488606565,0.0001088353866850922,0.06107831305076332,-0.010496355486988566,-0.12178369497748956,0.00010952615602362521,0.0032276841318445103,6.912630763389312e-6,108.9,12.0,7.626927237904851
-0.014834752021701234,0.00010878788063493862,0.07736329624870146,-0.010499918735991955,-0.120987022005054,0.00010935779724717044,0.0021623025310408927,6.908537247746815e-6,109.2,12.0,7.647758559633297
-0.012286474946878083,0.0001087626219764791,0.0902463843383135,-0.010502364761939505,-0.120391144637467,0.00010921249622865043,0.0018937530959779625,6.894343360448986e-6,109.5,12.0,7.6685898813617435
-0.009400489134825298,0.00010874996483658649,0.09964630413257147,-0.010503539942113244,-0.11973043751545566,0.0001091028222428769,0.0027062866716747206,6.866418060646829e-6,109.8,12.0,7.689421203090189
-0.006282396504354522,0.00010874335795254143,0.10557531927484749,-0.010503772985162075,-0.11861759581774396,0.00010902877511947441,0.004652042118988224,6.832474626844532e-6,110.1,12.0,7.710252524818635
-0.003035996669692459,0.00010873943952783606,0.10814038657887842,-0.01050358139895672,-0.11707453878946868,0.00010898389190847329,0.005447961339645069,6.803587044587118e-6,110.4,12.0,7.731083846547083
0.00023960735968714102,0.0001087371419219974,0.10754475637051761,-0.010503397223802256,-0.11529428192703545,0.00010895937148272246,0.006574349991426932,6.782223359185216e-6,110.7,12.0,7.751915168275529
0.0034529403573423725,0.00010873671779703742,0.10408852427420293,-0.010503392720172172,-0.11308882659644946,0.00010894642555699021,0.007980230363125057,6.771767035075456e-6,111.0,12.0,7.772746490003976
0.0065230645224543535,0.00010873927544065949,0.09816635328123019,-0.010503428534464811,-0.11068042852440278,0.00010893924335966809,0.007866949128379359,6.768620434799674e-6,111.3,12.0,7.793577811732422
0.009382354754212643,0.0001087470024404816,0.0902606101766881,-0.010503118628059267,-0.10829418525691906,0.00010893486434742717,0.008301614902219355,6.769033892036708e-6,111.6,12.0,7.8144091334608685
0.01197897800958781,0.0001087638646460492,0.0809285092747972,-0.010501997071344277,-0.10569301021832803,0.00010893231995105107,0.008795114100506634,6.769589906456273e-6,111.9,12.0,7.835240455189315
0.014278881540256147,0.00010879622880183423,0.0707824913366484,-0.010499758447632474,-0.10302375399721278,0.00010893107257042216,0.008767101891977463,6.768938620328475e-6,112.2,12.0,7.856071776917762
0.01626708375628932,0.00010885262214339235,0.060463906465319336,-0.010496507948882721,-0.10069094940001484,0.00010893182747863535,0.006683278602653329,6.7685026647337304e-6,112.5,12.0,7.876903098646208
0.01794807764100074,0.00010894183165068797,0.05061100510659833,-0.010492900748456671,-0.09883142122306769,0.00010893702190659191,0.006221355295811041,6.780978779580286e-6,112.8,12.0,7.897734420374655
0.019345200983404844,0.00010906894406001021,0.04182314323791101,-0.010489998118247947,-0.09682402380823169,0.0001089519542172737,0.006861290721798714,6.78308334413407e-6,113.1,12.0,7.918565742103101
0.020498897251773188,0.0001092298954129432,0.03462384999837584,-0.010488659947395212,-0.09498982264205812,0.00010897282647141858,0.005136694831076091,6.8022644690834605e-6,113.4,12.0,7.9393970638315485
0.021463879162072576,0.00010940663647189932,0.029425880659712578,-0.010488365472994459,-0.09368792106107968,0.0001090081619172839,0.0034880493923726743,6.817076696180032e-6,113.7,12.0,7.9602283855599945
0.022305304562433757,0.00010956685199901795,0.026501510545008135,-0.010485516564061763,-0.09307764580986383,0.0001090707256597846,0.0004234616662231624,6.835414693773446e-6,114.0,12.0,7.98105970728844
0.023094170211468857,0.00010967371971929698,0.025961085106087016,-0.01047150260298297,-0.09345391003148557,0.00010916489690218872,-0.0027253776919059255,6.865645568532906e-6,114.3,12.0,8.001891029016887
0.02390221219133621,0.00010971168795444446,0.027742244003873137,-0.010431027432812708,-0.09450443158423029,0.00010929352009953234,-0.003902892847499147,6.887193129389709e-6,114.6,12.0,8.022722350745333
0.024796662067429837,0.00010973296202880208,0.03161134375693197,-0.010341332018814077,-0.09554545380630708,0.00010945029051516062,-0.0026183371276567785,6.8981039771936635e-6,114.9,12.0,8.04355367247378
0.025835237923605484,0.00010992593223532656,0.037177512090432005,-0.010172916023127018,-0.09587553216999734,0.00010961763751314883,0.000503056711358189,6.900754250210952e-6,115.2,12.0,8.064384994202227
0.027061744859918885,0.0001107013596500059,0.04391859915975677,-0.00989213201878322,-0.09526041866900609,0.00010976498860794598,0.0035799581494652044,6.9442284045690076e-6,115.5,12.0,8.085216315930673
0.028502620088629242,0.00011278567018356512,0.05121717626604159,-0.009465622407958497,-0.09383564988746267,0.00010986074881056264,0.0058886298435903315,7.112662921304516e-6,115.8,12.0,8.10604763765912
0.030164686912040738,0.00011730468941020594,0.05840379361760378,-0.008866077754187077,-0.09185810944320495,0.00010989663184015025,0.007097324833666638,7.477657485155509e-6,116.1,12.0,8.126878959387566
0.03203428651243762,0.00012583733580670683,0.06480404479710555,-0.008078344602219324,-0.08948717838324426,0.00010993493752268222,0.008776162530628061,9.639291730170213e-6,116.4,12.0,8.147710281116014
